names,points,email
Stacey,72,slombardo0@usnews.com
Marne,76,mgreeve1@businessweek.com
Damaris,61,dsussems2@tripadvisor.com
Kristen,6,khaseley3@so-net.ne.jp
Raymund,65,rtolworthy4@google.fr
Daniel,33,dcoils5@amazon.de
Vachel,76,voxton6@unesco.org
Tomasine,55,tbraga7@oaic.gov.au
Kathi,65,kkench8@umn.edu
Peyter,20,pvasyanin9@lulu.com
Roshelle,60,rsoara@ucla.edu
Lynnet,92,lalawayb@sitemeter.com
Winny,100,wmactavishc@bloomberg.com
Yule,70,ybuttlerd@msn.com
Clint,16,cpetriee@altervista.org
Darcee,94,ddoggrellf@ebay.com
Lynsey,52,ldolang@themeforest.net
Maxie,81,mpirdueh@deliciousdays.com
Theadora,50,tdibbsi@squarespace.com
Janith,42,jsextij@paginegialle.it
Boone,53,bguyank@blog.com
Coralyn,33,cmcnyschel@unc.edu
Cy,11,cburkm@google.de
Gabbi,82,grentolln@cyberchimps.com
Amalita,6,ajoskovitcho@blog.com
Tessy,79,twhebellp@ibm.com
Lezley,27,lhallawaysq@earthlink.net
Gale,92,gstainerr@photobucket.com
Nealon,12,nvedenyapins@ucoz.ru
Giffie,76,gbevest@cbc.ca
Camilla,11,clethbrigu@facebook.com
Bev,55,bscadingv@google.co.jp
Laurella,62,lfairhurstw@elegantthemes.com
Linet,14,lgiraudox@msu.edu
Anderea,62,amitiey@nydailynews.com
Travers,52,tsaltersz@mozilla.org
Even,11,emaven10@flavors.me
Abramo,98,amanford11@hp.com
Caz,31,cmccallum12@blogtalkradio.com
Cornie,66,cgotter13@nyu.edu
Deni,57,daskey14@mtv.com
Brandtr,32,bkettlestringes15@g.co
Gae,8,gfozzard16@lycos.com
Stormie,80,sjennings17@berkeley.edu
Eolanda,28,etandey18@hhs.gov
Ted,50,tgolly19@bbb.org
Selene,38,spetre1a@businesswire.com
Scotti,35,sgalfour1b@sakura.ne.jp
Barris,7,bmcanulty1c@i2i.jp
Hermon,88,hdebell1d@imageshack.us
Addie,25,agreenland1e@slideshare.net
Harlene,26,hpepperill1f@netlog.com
Bradford,49,bstell1g@sourceforge.net
Rhianon,55,rtatam1h@europa.eu
Vick,29,vvearncomb1i@paypal.com
Kelly,85,kmarkie1j@deliciousdays.com
Peggy,78,pbroadbent1k@360.cn
Theo,31,tsteaning1l@yale.edu
Aili,1,ashearston1m@vk.com
Nicolle,75,nfaunch1n@webmd.com
Stacee,27,spiscopiello1o@cpanel.net
Eward,94,ebenech1p@360.cn
Meris,94,mbehning1q@house.gov
Alta,43,adonavan1r@bizjournals.com
Jedd,61,jpanks1s@netscape.com
Maurine,15,mwombwell1t@skype.com
Mayne,68,mstair1u@mozilla.com
Waldon,29,wodeoran1v@plala.or.jp
Tarra,7,tprin1w@networksolutions.com
Lethia,47,ljahncke1x@stumbleupon.com
Lambert,2,lgiriardelli1y@furl.net
Reagan,75,rmeneely1z@flickr.com
Iosep,70,itootell20@apache.org
Hermina,78,hcastagnasso21@wikispaces.com
Jilli,54,jsmardon22@virginia.edu
Lind,66,lyegorchenkov23@tuttocitta.it
Noami,25,ndunsford24@fc2.com
Kalie,30,kdulany25@answers.com
Sonja,85,sdenyer26@cam.ac.uk
Suzy,89,smazzilli27@xrea.com
Phyllys,88,pmarlowe28@ibm.com
Hillel,91,hmushart29@state.tx.us
Dorine,96,dliccardi2a@mozilla.org
Myrlene,75,mberndt2b@ocn.ne.jp
Hattie,73,hmournian2c@springer.com
Agnella,76,awhittek2d@domainmarket.com
North,8,nheaney2e@xinhuanet.com
Lindon,72,locarmody2f@qq.com
Kean,78,kburchard2g@parallels.com
Garik,81,gnovichenko2h@cisco.com
Prent,72,pphilpots2i@tumblr.com
Mersey,54,mmaccook2j@fotki.com
Felice,14,fyukhtin2k@usgs.gov
Roderic,27,roheffernan2l@imageshack.us
Valaria,36,vvinick2m@dion.ne.jp
Carter,34,cdanilovich2n@nydailynews.com
Jaimie,45,jdellatorre2o@mail.ru
Zulema,50,znorheny2p@ucla.edu
Ulrica,20,ucampe2q@nyu.edu
Suzette,69,sdwerryhouse2r@goo.ne.jp
